[{
    "title": "بنر :: سامسونگ :: نوت ۲۰ :: B1",
    "body": "&lt;!--noEditor--&gt;&#13;&#10;&lt;div class=&quot;container&quot;&gt;&#13;&#10;&lt;p style=&quot;clear: both;&quot;&gt;&lt;a href=&quot;https://display.netbina.com/click/62a81a28e0a01&quot; target=&quot;_blank&quot; rel=&quot;nofollow noopener&quot;&gt;&lt;img class=&quot;img-responsive js-lazy-load Tabligh&quot; id=&quot;B1-SamsungBahman&quot; data-src=&quot;https://cdn01.zoomit.ir/2022/6/banner-samsung-qled-970x250.gif&quot; alt=&quot;&#1587;&#1575;&#1605;&#1587;&#1608;&#1606;&#1711; &#1576;&#1606;&#1585; + &#1578;&#1576;&#1604;&#1740;&#1594;&quot; style=&quot;float: right;&quot; /&gt;&lt;/a&gt;&lt;/p&gt;&#13;&#10;&lt;/div&gt;",
    "groupName": "B1H",
    "isActive": true,
    "isSticky": false,
    "link": null,
    "linkTarget": null,
    "rank": 0,
    "shortKey": null,
    "serializedPositions": null,
    "weight": 0,
    "id": 482
}, {
    "title": "بنر :: والکس :: B1",
    "body": "&lt;!--noEditor--&gt;&#13;&#10;&lt;p style=&quot;clear: both;&quot;&gt;&lt;a href=&quot;https://wallex.ir/?utm_source=banner&amp;amp;utm_medium=zoomit&quot; target=&quot;_blank&quot; rel=&quot;nofollow&quot;&gt;&lt;img class=&quot;img-responsive Tablih&quot; id=&quot;B1-WallexSH&quot; style=&quot;display: block; margin-right: auto; margin-left: auto;&quot; src=&quot;https://cdn01.zoomit.ir/2022/5/&amp;zwnj;banner-wallex-970x250-r-1.gif&quot; alt=&quot;&#1576;&#1606;&#1585; &#1608;&#1575;&#1604;&#1705;&#1587;&quot; /&gt;&lt;/a&gt;&lt;/p&gt;",
    "groupName": "B1H",
    "isActive": true,
    "isSticky": false,
    "link": null,
    "linkTarget": null,
    "rank": 0,
    "shortKey": null,
    "serializedPositions": null,
    "weight": 0,
    "id": 741
}, {
    "title": "بنر :: والکس :: B1 :: 2",
    "body": "&lt;!--noEditor--&gt;&#13;&#10;&lt;p style=&quot;clear: both;&quot;&gt;&lt;a href=&quot;https://wallex.ir/?utm_source=banner&amp;amp;utm_medium=zoomit&quot; target=&quot;_blank&quot; rel=&quot;nofollow&quot;&gt;&lt;img class=&quot;img-responsive Tablih&quot; id=&quot;B1-WallexSH&quot; style=&quot;display: block; margin-right: auto; margin-left: auto;&quot; src=&quot;https://cdn01.zoomit.ir/2022/5/&amp;zwnj;banner-wallex-970x250-r-1.gif&quot; alt=&quot;&#1576;&#1606;&#1585; &#1608;&#1575;&#1604;&#1705;&#1587;&quot; /&gt;&lt;/a&gt;&lt;/p&gt;",
    "groupName": "B1H",
    "isActive": true,
    "isSticky": false,
    "link": null,
    "linkTarget": null,
    "rank": 0,
    "shortKey": null,
    "serializedPositions": null,
    "weight": 0,
    "id": 769
}, {
    "title": "بنر:: سامسونگ :: B1 :: 2",
    "body": "&lt;!--noEditor--&gt;&#13;&#10;&lt;div class=&quot;container&quot;&gt;&#13;&#10;&lt;p style=&quot;clear: both;&quot;&gt;&lt;a href=&quot;https://display.netbina.com/click/6203e87037feb&quot; target=&quot;_blank&quot; rel=&quot;nofollow noopener&quot;&gt;&lt;img class=&quot;img-responsive js-lazy-load Tabligh&quot; id=&quot;B1-SamsungOrdi&quot; data-src=&quot;https://cdn01.zoomit.ir/2022/5/banner-samsu7ng-970x250.gif&quot; alt=&quot;&#1587;&#1575;&#1605;&#1587;&#1608;&#1606;&#1711; &#1576;&#1606;&#1585; + &#1578;&#1576;&#1604;&#1740;&#1594;&quot; style=&quot;float: right;&quot; /&gt;&lt;/a&gt;&lt;/p&gt;&#13;&#10;&lt;/div&gt;",
    "groupName": "B1H",
    "isActive": true,
    "isSticky": false,
    "link": null,
    "linkTarget": null,
    "rank": 0,
    "shortKey": null,
    "serializedPositions": null,
    "weight": 0,
    "id": 774
}]